<?xml version="1.0" encoding="UTF-8"?>
<feature
      id="com.ti.mcu.msp432.driverlib.product.ui"
      version="3.21.0.05"
      label="MSP432 DriverLib (IDE Client)"
      provider-name="Texas Instruments Inc.">

   <description url="http://www.ti.com/mspware">
MSP432 DriverLib (IDE Client)

msp432 DriverLib IDE Client provides CCS IDE integration in the form of:
    project templates,
    install/update support, and
    searchable help documenation.
   </description>

   <copyright>
Copyright Texas Instruments 2013
   </copyright>

   <license>
      Released under Released under the Eclipse Public License 1.0.
Visit http://www.eclipse.org/legal/epl-v10.html for details of license.
   </license>

    <url>
        <update label="msp432 DriverLib Updates" url="http://www.ti.com/tool/mspdriverlib"/>
        <discovery label="msp432 DriverLib Updates" url="http://www.ti.com/tool/mspdriverlib"/>
    </url>

   <plugin
        id="com.ti.mcu.msp432.driverlib.product.ui"
        version="3.21.0.05"
        unpack="false" 
   />  
    

</feature>
